player_id,player_name,player_value_score,1,2,3,4,5,6,7,8,9,10,11,12,13,14,16,17,18,19,20,21,22,23,24
11854,Jack Gunston,2.439,afl_played,afl_played,vfl_only,intermittent,intermittent,afl_played,afl_played,afl_played,afl_played,intermittent,afl_played,afl_played,afl_played,afl_played,afl_played,afl_played,intermittent,intermittent,intermittent,afl_played,afl_played,afl_played,afl_played
11960,Luke Breust,1.916,afl_played,afl_played,afl_played,intermittent,intermittent,intermittent,unavailable,unavailable,afl_played,afl_played,afl_played,afl_played,afl_played,afl_played,intermittent,afl_played,afl_played,afl_played,afl_played,afl_played,afl_played,afl_played,afl_played
12124,Sam Frost,2.327,afl_played,afl_played,afl_played,afl_played,afl_played,afl_played,afl_played,afl_played,afl_played,afl_played,afl_played,afl_played,afl_played,afl_played,afl_played,afl_played,afl_played,afl_played,afl_played,afl_played,afl_played,afl_played,afl_played
12245,Jarman Impey,4.331,afl_played,afl_played,afl_played,afl_played,afl_played,afl_played,afl_played,afl_played,afl_played,afl_played,afl_played,afl_played,afl_played,afl_played,afl_played,afl_played,afl_played,afl_played,afl_played,afl_played,afl_played,afl_played,afl_played
12342,James Sicily,5.181,afl_played,afl_played,afl_played,afl_played,afl_played,afl_played,afl_played,afl_played,intermittent,intermittent,afl_played,afl_played,afl_played,afl_played,afl_played,intermittent,afl_played,afl_played,afl_played,afl_played,afl_played,afl_played,afl_played
12365,Karl Amon,5.115,afl_played,afl_played,afl_played,afl_played,afl_played,afl_played,afl_played,afl_played,afl_played,afl_played,afl_played,afl_played,afl_played,afl_played,afl_played,afl_played,afl_played,afl_played,afl_played,afl_played,afl_played,afl_played,afl_played
12477,Blake Hardwick,3.598,afl_played,afl_played,afl_played,afl_played,afl_played,afl_played,afl_played,afl_played,afl_played,afl_played,afl_played,afl_played,afl_played,afl_played,afl_played,afl_played,afl_played,afl_played,afl_played,afl_played,afl_played,afl_played,afl_played
12491,Mabior Chol,2.572,afl_played,afl_played,afl_played,afl_played,afl_played,afl_played,afl_played,intermittent,intermittent,afl_played,afl_played,afl_played,afl_played,afl_played,afl_played,afl_played,afl_played,afl_played,afl_played,afl_played,afl_played,afl_played,afl_played
12571,Jack Scrimshaw,4.428,afl_played,afl_played,afl_played,afl_played,afl_played,afl_played,afl_played,afl_played,afl_played,intermittent,afl_played,afl_played,afl_played,afl_played,afl_played,afl_played,afl_played,afl_played,afl_played,afl_played,afl_played,afl_played,afl_played
12585,Harry Morrison,3.118,vfl_only,unavailable,afl_played,unavailable,unavailable,afl_played,afl_played,afl_played,vfl_only,vfl_only,vfl_only,vfl_only,unavailable,unavailable,afl_played,afl_played,afl_played,intermittent,intermittent,intermittent,afl_played,afl_played,afl_played
12626,James Worpel,4.825,afl_played,afl_played,afl_played,afl_played,afl_played,afl_played,afl_played,afl_played,afl_played,afl_played,afl_played,afl_played,afl_played,afl_played,afl_played,afl_played,afl_played,afl_played,afl_played,afl_played,afl_played,afl_played,afl_played
12643,Mitch Lewis,1.792,afl_played,afl_played,afl_played,intermittent,intermittent,intermittent,unavailable,unavailable,unavailable,unavailable,unavailable,vfl_only,unavailable,vfl_only,unavailable,afl_played,unavailable,unavailable,unavailable,unavailable,unavailable,unavailable,unavailable
12678,Conor Nash,4.361,afl_played,afl_played,afl_played,afl_played,afl_played,afl_played,afl_played,afl_played,afl_played,afl_played,afl_played,afl_played,afl_played,afl_played,afl_played,afl_played,afl_played,afl_played,afl_played,afl_played,afl_played,afl_played,afl_played
12710,Dylan Moore,4.727,afl_played,afl_played,afl_played,afl_played,afl_played,afl_played,afl_played,afl_played,afl_played,afl_played,afl_played,afl_played,afl_played,afl_played,afl_played,afl_played,afl_played,afl_played,afl_played,afl_played,afl_played,afl_played,afl_played
12753,Changkuoth Jiath,2.867,unavailable,unavailable,unavailable,unavailable,unavailable,unavailable,vfl_only,unavailable,unavailable,afl_played,afl_played,afl_played,afl_played,afl_played,afl_played,afl_played,afl_played,afl_played,afl_played,afl_played,intermittent,vfl_only,intermittent
12794,Will Day,4.684,unavailable,unavailable,unavailable,unavailable,unavailable,unavailable,afl_played,afl_played,afl_played,afl_played,afl_played,afl_played,afl_played,afl_played,afl_played,afl_played,afl_played,afl_played,afl_played,afl_played,afl_played,afl_played,intermittent
12846,Finn Maginness,2.619,afl_played,afl_played,intermittent,afl_played,afl_played,afl_played,afl_played,afl_played,afl_played,vfl_only,vfl_only,vfl_only,unavailable,unavailable,vfl_only,unavailable,unavailable,afl_played,afl_played,vfl_only,intermittent,vfl_only,afl_played
12854,Lloyd Meek,4.928,vfl_only,unavailable,afl_played,afl_played,afl_played,afl_played,afl_played,afl_played,afl_played,afl_played,afl_played,intermittent,intermittent,afl_played,afl_played,afl_played,afl_played,afl_played,afl_played,afl_played,afl_played,afl_played,afl_played
12907,Ned Reeves,3.008,afl_played,afl_played,vfl_only,intermittent,vfl_only,vfl_only,unavailable,unavailable,vfl_only,unavailable,unavailable,afl_played,afl_played,intermittent,vfl_only,vfl_only,unavailable,unavailable,unavailable,unavailable,unavailable,vfl_only,unavailable
12913,Jai Newcombe,5.817,afl_played,afl_played,afl_played,afl_played,afl_played,afl_played,afl_played,afl_played,afl_played,afl_played,afl_played,afl_played,afl_played,afl_played,afl_played,afl_played,afl_played,afl_played,afl_played,afl_played,afl_played,afl_played,afl_played
12928,Jack Ginnivan,3.503,afl_played,afl_played,afl_played,afl_played,afl_played,afl_played,afl_played,afl_played,afl_played,afl_played,afl_played,afl_played,afl_played,afl_played,afl_played,intermittent,intermittent,afl_played,afl_played,afl_played,afl_played,afl_played,afl_played
12953,Connor Macdonald,3.956,afl_played,afl_played,afl_played,afl_played,afl_played,afl_played,afl_played,afl_played,afl_played,afl_played,afl_played,afl_played,afl_played,afl_played,afl_played,afl_played,afl_played,afl_played,afl_played,afl_played,afl_played,afl_played,afl_played
12954,Josh Ward,3.859,afl_played,afl_played,afl_played,afl_played,afl_played,intermittent,vfl_only,afl_played,vfl_only,vfl_only,vfl_only,vfl_only,unavailable,vfl_only,unavailable,unavailable,afl_played,afl_played,afl_played,afl_played,intermittent,vfl_only,intermittent
12989,Sam Butler,1.243,vfl_only,vfl_only,unavailable,afl_played,afl_played,intermittent,intermittent,intermittent,unavailable,unavailable,unavailable,unavailable,unavailable,unavailable,unavailable,unavailable,unavailable,unavailable,unavailable,unavailable,unavailable,unavailable,unavailable
12999,Massimo D'Ambrosio,4.733,afl_played,afl_played,afl_played,afl_played,afl_played,afl_played,intermittent,afl_played,afl_played,afl_played,afl_played,afl_played,afl_played,afl_played,afl_played,afl_played,afl_played,afl_played,afl_played,afl_played,afl_played,afl_played,afl_played
13022,Jai Serong,2.121,vfl_only,vfl_only,vfl_only,unavailable,unavailable,afl_played,afl_played,intermittent,afl_played,afl_played,vfl_only,vfl_only,intermittent,vfl_only,vfl_only,vfl_only,vfl_only,vfl_only,unavailable,unavailable,unavailable,vfl_only,unavailable
13039,Cam Mackenzie,4.078,afl_played,afl_played,afl_played,afl_played,afl_played,afl_played,afl_played,afl_played,afl_played,afl_played,afl_played,afl_played,afl_played,afl_played,afl_played,afl_played,afl_played,vfl_only,intermittent,intermittent,afl_played,afl_played,afl_played
13055,Seamus Mitchell,1.851,vfl_only,vfl_only,unavailable,afl_played,afl_played,afl_played,afl_played,intermittent,afl_played,afl_played,afl_played,afl_played,afl_played,vfl_only,vfl_only,afl_played,vfl_only,vfl_only,unavailable,vfl_only,unavailable,vfl_only,unavailable
13059,Josh Weddle,3.673,afl_played,afl_played,afl_played,afl_played,afl_played,afl_played,afl_played,afl_played,afl_played,afl_played,afl_played,afl_played,afl_played,afl_played,afl_played,afl_played,afl_played,afl_played,afl_played,afl_played,afl_played,afl_played,afl_played
13060,Max Ramsden,1.732,vfl_only,unavailable,unavailable,afl_played,afl_played,vfl_only,afl_played,intermittent,vfl_only,vfl_only,vfl_only,vfl_only,unavailable,vfl_only,vfl_only,vfl_only,vfl_only,vfl_only,unavailable,vfl_only,unavailable,vfl_only,unavailable
13092,Henry Hustwaite,1.3,vfl_only,unavailable,afl_played,afl_played,afl_played,afl_played,intermittent,intermittent,vfl_only,vfl_only,vfl_only,vfl_only,unavailable,vfl_only,vfl_only,vfl_only,vfl_only,vfl_only,unavailable,vfl_only,unavailable,vfl_only,unavailable
13103,Nick Watson,4.476,afl_played,afl_played,afl_played,intermittent,intermittent,intermittent,unavailable,afl_played,afl_played,afl_played,vfl_only,intermittent,intermittent,afl_played,afl_played,afl_played,afl_played,afl_played,afl_played,afl_played,afl_played,afl_played,afl_played
13137,Calsher Dear,1.86,vfl_only,vfl_only,vfl_only,vfl_only,vfl_only,unavailable,unavailable,afl_played,afl_played,afl_played,afl_played,afl_played,afl_played,afl_played,afl_played,intermittent,afl_played,afl_played,afl_played,afl_played,afl_played,afl_played,afl_played
13146,Ethan Phillips,3.03,vfl_only,vfl_only,unavailable,vfl_only,vfl_only,vfl_only,vfl_only,unavailable,unavailable,afl_played,unavailable,unavailable,unavailable,vfl_only,vfl_only,vfl_only,vfl_only,vfl_only,unavailable,vfl_only,unavailable,vfl_only,unavailable
